Route/Page,OLD Path,CURRENT Path,Status,Priority,Notes
"CORE CONSUMER JOURNEY",,,,, 
/,app/page.tsx,app/page.tsx,Migrated,P0,Basic homepage lacks features
/products,app/products/page.tsx,Missing,Missing,P0,"Need: Product listing page + filters + search + pagination"
/products/[slug],app/products/[slug]/page.tsx,app/products/[id]/page.tsx,Partial,P0,Changed slugâ†’id missing features
/cart,app/cart/page.tsx,app/cart/page.tsx,Refactored,P0,Basic cart missing advanced features
/checkout,app/checkout/page.tsx,Missing,Missing,P0,"Need: Multi-step checkout + payment + shipping selection"
/checkout/confirmation,app/checkout/confirmation/page.tsx,Missing,Missing,P0,"Need: Order confirmation page + email receipt integration"
/search,app/search/page.tsx,Missing,Missing,P1,"Need: Search page + filters + suggestions + results"
"AUTHENTICATION",,,,, 
/auth/login,app/auth/login/page.tsx,app/auth/login/page.tsx,Migrated,P0,Basic functionality preserved
/auth/register,app/auth/register/page.tsx,app/auth/register/page.tsx,Migrated,P0,Basic functionality preserved
/auth/forgot-password,app/auth/forgot-password/page.tsx,Missing,Missing,P1,"Need: Password reset form + email flow + verification"
"ORDER MANAGEMENT",,,,, 
/orders,app/orders/page.tsx,Missing,Missing,P1,"Need: Order history list + status tracking + reorder"
/orders/[id],app/orders/[id]/page.tsx,app/orders/[id]/page.tsx,Partial,P1,Order details needs features
/order-success,app/order-success/page.tsx,Missing,Missing,P1,Success confirmation
"ACCOUNT MANAGEMENT",,,,, 
/account,app/account/page.tsx,Missing,Missing,P1,"Need: User dashboard + profile + settings + order summary"
/account/settings,app/account/settings/page.tsx,Missing,Missing,P1,User settings
/account/addresses,app/account/addresses/page.tsx,Missing,Missing,P1,Address management
/account/orders,app/account/orders/page.tsx,Missing,Missing,P1,Order history in account
/account/wishlist,app/account/wishlist/page.tsx,Missing,Missing,P2,Wishlist functionality
"PRODUCER SYSTEM",,,,, 
/producer,app/producer/page.tsx,Missing,Missing,P1,Producer landing
/producer/register,app/producer/register/page.tsx,Missing,Missing,P1,"Need: Multi-step registration + verification + onboarding"
/producer/dashboard,app/producer/dashboard/page.tsx,app/producer/dashboard/page.tsx,Basic,P1,Minimal implementation
/producer/products,app/producer/products/page.tsx,Missing,Missing,P1,Producer product management
/producer/orders,app/producer/orders/page.tsx,Missing,Missing,P1,Producer order management
/producer/getting-started,app/producer/getting-started/page.tsx,Missing,Missing,P2,Onboarding flow
/producer/support,app/producer/support/page.tsx,Missing,Missing,P2,Producer support
/producer/subscription,app/producer/subscription/page.tsx,Missing,Missing,P2,Subscription management
"PRODUCERS DIRECTORY",,,,, 
/producers,app/producers/page.tsx,Missing,Missing,P1,Producer listings
/producers/[slug],app/producers/[slug]/page.tsx,Missing,Missing,P1,Producer profiles
"B2B SYSTEM",,,,, 
/b2b/login,app/b2b/login/page.tsx,Missing,Missing,P1,B2B authentication
/b2b/register,app/b2b/register/page.tsx,Missing,Missing,P1,B2B registration
/b2b/dashboard,app/b2b/dashboard/page.tsx,Missing,Missing,P1,B2B dashboard
/b2b/products,app/b2b/products/page.tsx,Missing,Missing,P1,B2B product catalog
/b2b/cart,app/b2b/cart/page.tsx,Missing,Missing,P1,B2B bulk ordering
/b2b/orders,app/b2b/orders/page.tsx,Missing,Missing,P1,B2B order management
/b2b/quotes,app/b2b/quotes/page.tsx,Missing,Missing,P2,Quote requests
/b2b/invoices,app/b2b/invoices/page.tsx,Missing,Missing,P2,Invoice management
/b2b/reports,app/b2b/reports/page.tsx,Missing,Missing,P2,Business reports
/b2b/settings,app/b2b/settings/page.tsx,Missing,Missing,P2,B2B settings
/b2b/analytics,app/b2b/analytics/page.tsx,Missing,Missing,P2,B2B analytics
/b2b/bulk-upload,app/b2b/bulk-upload/page.tsx,Missing,Missing,P2,Bulk upload tool
"ADMIN SYSTEM",,,,, 
/admin,app/admin/page.tsx,Missing,Missing,P1,Admin dashboard
/admin/products,app/admin/products/page.tsx,Missing,Missing,P1,Product management
/admin/producers,app/admin/producers/page.tsx,Missing,Missing,P1,Producer management
/admin/business-metrics,app/admin/business-metrics/page.tsx,Missing,Missing,P1,Business intelligence
/admin/integrations,app/admin/integrations/page.tsx,Missing,Missing,P2,Integration management
/admin/monitoring,app/admin/monitoring/page.tsx,Missing,Missing,P2,System monitoring
"SPECIALIZED FEATURES",,,,, 
/become-producer,app/become-producer/page.tsx,Missing,Missing,P1,Producer onboarding
/getting-started,app/getting-started/page.tsx,Missing,Missing,P2,User onboarding
/contact,app/contact/page.tsx,Missing,Missing,P2,Contact form
/about,app/about/page.tsx,Missing,Missing,P2,About page
/subscription/*,app/subscription/**,Missing,Missing,P2,Subscription system
/adoptions/*,app/adoptions/**,Missing,Missing,P3,Adoption feature
"NEW FEATURES",,,,, 
/test-error,N/A,app/test-error/page.tsx,New,Dev,Analytics testing page
"SUMMARY",,,,, 
"Total OLD Routes: 45+",,,,, 
"Total CURRENT Routes: 8",,,,, 
"Migrated: 2 (~4%)",,,,, 
"Partial: 3 (~7%)",,,,, 
"Missing: 40+ (~89%)",,,,, 
"Feature Parity: ~20%",,,,, 